"County","Health.Outcomes.Z.Score","Health.Outcomes.Rank","Health.Factors.Z.Score","Health.Factors.Rank","year"
"Adams",-0.34,21,-0.59,7,2010
"Allegheny",0.32,49,-0.04,26,2010
"Armstrong",0.74,58,0.32,55,2010
"Beaver",0.19,44,-0.08,25,2010
"Bedford",-0.06,31,0.07,35,2010
"Berks",-0.49,16,-0.11,23,2010
"Blair",0.95,63,0.05,33,2010
"Bradford",-0.64,12,-0.11,22,2010
"Bucks",-0.94,7,-0.94,3,2010
"Butler",-0.71,11,-0.66,6,2010
"Cambria",1.02,64,0.21,51,2010
"Cameron",0.13,40,0.31,53,2010
"Carbon",0.61,56,0.45,62,2010
"Centre",-1.53,2,-0.59,8,2010
"Chester",-1.53,1,-1.18,1,2010
"Clarion",0.16,42,0.11,41,2010
"Clearfield",0.26,45,0.27,52,2010
"Clinton",0.02,34,0.07,36,2010
"Columbia",-0.54,14,-0.03,27,2010
"Crawford",-0.02,33,0.14,43,2010
"Cumberland",-0.83,9,-0.78,4,2010
"Dauphin",0.29,47,0.07,34,2010
"Delaware",0.07,36,-0.26,14,2010
"Elk",0.74,59,0.13,42,2010
"Erie",-0.09,30,0.43,61,2010
"Fayette",1.19,65,0.84,66,2010
"Forest",0.55,53,0.62,65,2010
"Franklin",-0.79,10,-0.28,13,2010
"Fulton",-0.19,27,0.58,64,2010
"Greene",1.21,66,0.48,63,2010
"Huntingdon",0.08,37,-0.09,24,2010
"Indiana",-0.42,17,0.21,49,2010
"Jefferson",-0.37,20,0.02,29,2010
"Juniata",-0.12,28,0.03,30,2010
"Lackawanna",0.45,51,-0.15,19,2010
"Lancaster",-0.91,8,-0.53,9,2010
"Lawrence",0.88,61,0.21,50,2010
"Lebanon",-0.54,15,-0.25,15,2010
"Lehigh",-0.38,19,-0.21,17,2010
"Luzerne",0.62,57,0.08,37,2010
"Lycoming",-0.33,23,0.01,28,2010
"McKean",0.41,50,0.31,54,2010
"Mercer",0.52,52,0.32,56,2010
"Mifflin",0.31,48,0.15,45,2010
"Monroe",0.28,46,0.09,40,2010
"Montgomery",-1.1,5,-1.12,2,2010
"Montour",0.11,39,-0.73,5,2010
"Northampton",-0.22,26,-0.31,12,2010
"Northumberland",0.59,55,0.34,59,2010
"Perry",0.07,35,0.05,32,2010
"Philadelphia",3.43,67,1.49,67,2010
"Pike",-1.03,6,-0.15,20,2010
"Potter",-0.28,24,0.09,39,2010
"Schuylkill",0.75,60,0.38,60,2010
"Snyder",-1.27,4,-0.16,18,2010
"Somerset",-0.03,32,0.17,47,2010
"Sullivan",0.1,38,0.33,58,2010
"Susquehanna",0.15,41,0.04,31,2010
"Tioga",-0.33,22,0.33,57,2010
"Union",-1.4,3,-0.32,11,2010
"Venango",0.59,54,0.15,44,2010
"Warren",-0.6,13,0.2,48,2010
"Washington",-0.12,29,0.09,38,2010
"Wayne",0.9,62,-0.13,21,2010
"Westmoreland",-0.41,18,-0.35,10,2010
"Wyoming",0.16,43,0.16,46,2010
"York",-0.27,25,-0.25,16,2010
"Adams",-0.26,24,-0.51,8,2011
"Allegheny",0.25,42,-0.12,23,2011
"Armstrong",0.42,52,0.09,35,2011
"Beaver",0.36,50,-0.14,22,2011
"Bedford",-0.4,18,0.16,45,2011
"Berks",-0.51,15,-0.15,20,2011
"Blair",0.79,62,0.16,42,2011
"Bradford",-0.64,12,0.09,36,2011
"Bucks",-1.01,6,-0.91,4,2011
"Butler",-0.78,11,-0.78,6,2011
"Cambria",1.19,64,0.16,44,2011
"Cameron",0.76,61,0.4,62,2011
"Carbon",0.65,58,0.26,53,2011
"Centre",-1.46,2,-0.72,7,2011
"Chester",-1.46,3,-1.26,1,2011
"Clarion",0.32,48,0.16,43,2011
"Clearfield",0.25,43,0.31,56,2011
"Clinton",-0.13,31,0.18,47,2011
"Columbia",-0.49,16,-0.02,26,2011
"Crawford",0.18,39,0.14,39,2011
"Cumberland",-0.91,8,-0.86,5,2011
"Dauphin",0.18,38,0.06,31,2011
"Delaware",0.06,36,-0.32,12,2011
"Elk",0.76,60,0.23,49,2011
"Erie",0.04,35,0.28,55,2011
"Fayette",1.14,63,0.91,66,2011
"Forest",0.13,37,0.7,65,2011
"Franklin",-0.79,10,-0.18,17,2011
"Fulton",-0.15,30,0.58,63,2011
"Greene",1.21,65,0.37,59,2011
"Huntingdon",-0.07,32,-0.11,24,2011
"Indiana",-0.41,17,-0.01,27,2011
"Jefferson",0.26,45,0.12,38,2011
"Juniata",-0.83,9,-0.1,25,2011
"Lackawanna",0.33,49,-0.15,19,2011
"Lancaster",-0.93,7,-0.45,9,2011
"Lawrence",0.5,54,0.07,33,2011
"Lebanon",-0.63,13,-0.32,13,2011
"Lehigh",-0.26,25,-0.21,15,2011
"Luzerne",0.75,59,0.03,30,2011
"Lycoming",-0.22,26,0.02,28,2011
"McKean",0.26,44,0.65,64,2011
"Mercer",0.55,55,0.33,58,2011
"Mifflin",0,34,0.24,50,2011
"Monroe",0.19,41,0.09,37,2011
"Montgomery",-1.16,5,-1.12,2,2011
"Montour",0.28,47,-0.94,3,2011
"Northampton",-0.2,27,-0.44,10,2011
"Northumberland",0.48,53,0.2,48,2011
"Perry",-0.3,22,0.06,32,2011
"Philadelphia",3.28,67,1.52,67,2011
"Pike",-0.6,14,-0.15,21,2011
"Potter",-0.15,29,0.14,40,2011
"Schuylkill",0.63,56,0.39,61,2011
"Snyder",-1.18,4,-0.18,18,2011
"Somerset",-0.04,33,0.24,51,2011
"Sullivan",1.3,66,0.37,60,2011
"Susquehanna",0.26,46,0.15,41,2011
"Tioga",-0.32,21,0.24,52,2011
"Union",-1.51,1,-0.2,16,2011
"Venango",0.18,40,0.27,54,2011
"Warren",-0.28,23,0.33,57,2011
"Washington",-0.18,28,0.07,34,2011
"Wayne",0.64,57,0.02,29,2011
"Westmoreland",-0.35,20,-0.43,11,2011
"Wyoming",0.37,51,0.17,46,2011
"York",-0.35,19,-0.22,14,2011
"Adams",-0.39,17,-0.55,8,2012
"Allegheny",0.24,44,-0.18,21,2012
"Armstrong",0.11,41,0.48,63,2012
"Beaver",0.2,43,0.08,32,2012
"Bedford",-0.34,20,0.14,39,2012
"Berks",-0.58,14,-0.12,26,2012
"Blair",0.65,56,-0.01,29,2012
"Bradford",-0.34,19,-0.15,23,2012
"Bucks",-1.1,7,-0.96,4,2012
"Butler",-0.82,10,-0.78,7,2012
"Cambria",1.19,63,0.35,56,2012
"Cameron",0.73,59,0.48,62,2012
"Carbon",0.38,49,0.48,61,2012
"Centre",-1.22,4,-1.08,3,2012
"Chester",-1.57,2,-1.29,1,2012
"Clarion",0.03,33,0.19,43,2012
"Clearfield",0.09,38,0.13,37,2012
"Clinton",-0.23,27,0.31,52,2012
"Columbia",-0.28,24,0.15,42,2012
"Crawford",0.11,42,0.08,33,2012
"Cumberland",-1.03,8,-0.94,5,2012
"Dauphin",0.25,46,0.24,45,2012
"Delaware",0.09,37,-0.36,13,2012
"Elk",0.92,62,0.11,35,2012
"Erie",0.09,40,0.23,44,2012
"Fayette",1.21,65,1.08,66,2012
"Forest",0.73,58,0.57,65,2012
"Franklin",-0.71,11,-0.23,17,2012
"Fulton",-0.1,30,0.44,60,2012
"Greene",1.36,66,0.39,57,2012
"Huntingdon",-0.25,26,0.15,41,2012
"Indiana",-0.13,29,0.04,30,2012
"Jefferson",0.74,60,0.42,58,2012
"Juniata",-1.32,3,-0.32,14,2012
"Lackawanna",0.44,51,-0.08,27,2012
"Lancaster",-0.89,9,-0.5,9,2012
"Lawrence",0.49,53,0.28,49,2012
"Lebanon",-0.45,15,-0.3,15,2012
"Lehigh",-0.29,23,-0.12,25,2012
"Luzerne",0.84,61,0.31,53,2012
"Lycoming",-0.37,18,0.11,34,2012
"McKean",0.25,45,0.56,64,2012
"Mercer",0.4,50,0.32,54,2012
"Mifflin",0.03,32,0.3,51,2012
"Monroe",0.06,36,0.14,40,2012
"Montgomery",-1.19,5,-1.17,2,2012
"Montour",-0.14,28,-0.8,6,2012
"Northampton",-0.26,25,-0.4,10,2012
"Northumberland",0.29,47,0.35,55,2012
"Perry",0.05,34,-0.15,24,2012
"Philadelphia",3.2,67,1.79,67,2012
"Pike",-0.58,13,-0.39,11,2012
"Potter",0.61,55,0.27,48,2012
"Schuylkill",0.67,57,0.43,59,2012
"Snyder",-1.18,6,-0.22,19,2012
"Somerset",-0.3,22,0.24,46,2012
"Sullivan",1.21,64,0.25,47,2012
"Susquehanna",0.46,52,0.13,38,2012
"Tioga",-0.68,12,-0.02,28,2012
"Union",-1.64,1,-0.27,16,2012
"Venango",0.06,35,0.12,36,2012
"Warren",0.09,39,0.28,50,2012
"Washington",-0.09,31,-0.18,22,2012
"Wayne",0.54,54,-0.2,20,2012
"Westmoreland",-0.31,21,-0.38,12,2012
"Wyoming",0.34,48,0.06,31,2012
"York",-0.39,16,-0.22,18,2012
"Adams",-0.62,12,-0.54,8,2013
"Allegheny",0.21,46,-0.29,14,2013
"Armstrong",-0.01,33,0.24,46,2013
"Beaver",0.2,44,0.11,36,2013
"Bedford",-0.25,24,0.05,31,2013
"Berks",-0.43,17,-0.15,21,2013
"Blair",0.56,56,0.11,37,2013
"Bradford",-0.18,27,-0.03,28,2013
"Bucks",-0.93,9,-1.05,4,2013
"Butler",-0.9,10,-0.83,6,2013
"Cambria",1.02,62,0.39,60,2013
"Cameron",-0.08,29,0.61,65,2013
"Carbon",0.17,42,0.58,64,2013
"Centre",-1.36,3,-1.06,3,2013
"Chester",-1.55,1,-1.36,1,2013
"Clarion",-0.21,26,0.12,39,2013
"Clearfield",0.01,34,0.12,38,2013
"Clinton",-0.33,20,0.29,49,2013
"Columbia",0.2,45,0.16,40,2013
"Crawford",-0.03,32,-0.04,27,2013
"Cumberland",-1.26,4,-1,5,2013
"Dauphin",0.27,47,0.17,41,2013
"Delaware",0.16,41,-0.37,12,2013
"Elk",0.88,61,0.09,33,2013
"Erie",0.37,49,0.23,45,2013
"Fayette",1.81,66,1.09,66,2013
"Forest",1.2,63,0.37,58,2013
"Franklin",-0.55,14,-0.16,20,2013
"Fulton",-0.16,28,0.34,56,2013
"Greene",1.81,65,0.3,51,2013
"Huntingdon",-0.32,21,0.1,35,2013
"Indiana",0.03,36,0.01,29,2013
"Jefferson",0.81,60,0.26,48,2013
"Juniata",-1.15,7,-0.09,24,2013
"Lackawanna",0.59,58,-0.06,26,2013
"Lancaster",-0.96,8,-0.54,9,2013
"Lawrence",0.7,59,0.3,50,2013
"Lebanon",-0.57,13,-0.3,13,2013
"Lehigh",-0.4,18,-0.09,23,2013
"Luzerne",0.59,57,0.39,59,2013
"Lycoming",-0.45,16,0.06,32,2013
"McKean",0.27,48,0.57,63,2013
"Mercer",0.41,51,0.1,34,2013
"Mifflin",0.12,39,0.31,52,2013
"Monroe",-0.04,31,0.24,47,2013
"Montgomery",-1.17,6,-1.28,2,2013
"Montour",-0.3,22,-0.78,7,2013
"Northampton",-0.23,25,-0.39,11,2013
"Northumberland",0.18,43,0.4,61,2013
"Perry",0.37,50,0.04,30,2013
"Philadelphia",2.62,67,1.78,67,2013
"Pike",-0.8,11,-0.12,22,2013
"Potter",0.51,55,0.32,54,2013
"Schuylkill",0.44,53,0.44,62,2013
"Snyder",-1.22,5,-0.28,15,2013
"Somerset",0.03,35,0.33,55,2013
"Sullivan",1.36,64,0.35,57,2013
"Susquehanna",0.41,52,0.21,43,2013
"Tioga",-0.54,15,-0.07,25,2013
"Union",-1.44,2,-0.23,17,2013
"Venango",0.07,37,0.21,44,2013
"Warren",0.13,40,0.32,53,2013
"Washington",0.07,38,-0.18,19,2013
"Wayne",-0.07,30,-0.18,18,2013
"Westmoreland",-0.27,23,-0.41,10,2013
"Wyoming",0.51,54,0.17,42,2013
"York",-0.38,19,-0.28,16,2013
"Adams",-0.59,13,-0.4,11,2014
"Allegheny",0.13,40,-0.29,15,2014
"Armstrong",0.02,36,0.15,41,2014
"Beaver",0.2,43,0.03,34,2014
"Bedford",-0.45,17,0.15,40,2014
"Berks",-0.45,16,-0.08,21,2014
"Blair",0.33,51,0.04,36,2014
"Bradford",-0.2,26,-0.01,30,2014
"Bucks",-0.88,10,-1.01,5,2014
"Butler",-0.99,8,-0.79,6,2014
"Cambria",0.83,60,0.33,55,2014
"Cameron",-0.03,34,0.81,64,2014
"Carbon",0.29,49,0.43,62,2014
"Centre",-1.51,3,-1.08,3,2014
"Chester",-1.51,2,-1.23,1,2014
"Clarion",-0.24,24,0,31,2014
"Clearfield",-0.04,33,0.03,35,2014
"Clinton",-0.31,22,0.29,53,2014
"Columbia",0.19,42,-0.02,28,2014
"Crawford",-0.05,31,0.15,42,2014
"Cumberland",-1.35,4,-1.02,4,2014
"Dauphin",0.35,52,0.11,37,2014
"Delaware",0.15,41,-0.3,14,2014
"Elk",0.99,62,0.01,32,2014
"Erie",0.3,50,0.14,39,2014
"Fayette",1.78,65,0.95,66,2014
"Forest",1.8,66,0.82,65,2014
"Franklin",-0.53,15,0.02,33,2014
"Fulton",-0.15,27,0.34,56,2014
"Greene",1.69,64,0.61,63,2014
"Huntingdon",-0.2,25,0.19,45,2014
"Indiana",-0.04,32,-0.07,23,2014
"Jefferson",0.92,61,0.37,57,2014
"Juniata",-0.99,7,-0.22,19,2014
"Lackawanna",0.54,56,-0.02,29,2014
"Lancaster",-0.92,9,-0.52,8,2014
"Lawrence",0.71,58,0.18,44,2014
"Lebanon",-0.61,12,-0.42,10,2014
"Lehigh",-0.43,19,-0.1,20,2014
"Luzerne",0.57,57,0.38,58,2014
"Lycoming",-0.39,20,-0.03,24,2014
"McKean",0.24,47,0.28,51,2014
"Mercer",0.28,48,0.11,38,2014
"Mifflin",0.12,39,0.19,46,2014
"Monroe",-0.09,30,0.25,48,2014
"Montgomery",-1.23,5,-1.23,2,2014
"Montour",-0.13,28,-0.76,7,2014
"Northampton",-0.33,21,-0.36,12,2014
"Northumberland",0.01,35,0.26,50,2014
"Perry",0.21,44,-0.03,25,2014
"Philadelphia",2.56,67,1.59,67,2014
"Pike",-0.86,11,-0.02,26,2014
"Potter",0.77,59,0.29,52,2014
"Schuylkill",0.38,53,0.39,59,2014
"Snyder",-1.13,6,-0.26,16,2014
"Somerset",0.04,38,0.24,47,2014
"Sullivan",1.57,63,0.31,54,2014
"Susquehanna",0.49,55,0.42,60,2014
"Tioga",-0.58,14,-0.02,27,2014
"Union",-1.55,1,-0.5,9,2014
"Venango",0.22,45,0.26,49,2014
"Warren",0.24,46,0.17,43,2014
"Washington",0.03,37,-0.23,18,2014
"Wayne",-0.12,29,-0.08,22,2014
"Westmoreland",-0.25,23,-0.33,13,2014
"Wyoming",0.47,54,0.42,61,2014
"York",-0.44,18,-0.24,17,2014
"Adams",-0.46,17,-0.29,15,2015
"Allegheny",-0.02,34,-0.22,19,2015
"Armstrong",0.07,36,0.24,48,2015
"Beaver",0.15,43,0.12,40,2015
"Bedford",-0.59,13,0.21,44,2015
"Berks",-0.36,20,0.01,30,2015
"Blair",0.21,48,0.07,37,2015
"Bradford",-0.59,14,0.11,39,2015
"Bucks",-0.63,12,-0.86,6,2015
"Butler",-0.8,9,-0.69,7,2015
"Cambria",0.84,60,0.23,46,2015
"Cameron",-0.53,15,0.68,64,2015
"Carbon",0.52,57,0.57,62,2015
"Centre",-1.41,2,-1,2,2015
"Chester",-1.21,4,-1,3,2015
"Clarion",-0.24,24,0.04,34,2015
"Clearfield",-0.08,29,0.01,29,2015
"Clinton",-0.06,32,0.2,43,2015
"Columbia",0.07,38,0.02,33,2015
"Crawford",0.15,44,-0.06,26,2015
"Cumberland",-1.13,5,-0.99,4,2015
"Dauphin",0.17,45,0.01,32,2015
"Delaware",0.08,39,-0.29,16,2015
"Elk",1.09,62,-0.09,25,2015
"Erie",0.29,51,0.18,42,2015
"Fayette",1.46,64,0.9,65,2015
"Forest",1.55,65,0.97,66,2015
"Franklin",-0.42,18,-0.19,21,2015
"Fulton",0.07,37,0.33,56,2015
"Greene",1.3,63,0.59,63,2015
"Huntingdon",-0.09,28,0.23,47,2015
"Indiana",0.08,40,0.05,36,2015
"Jefferson",0.4,54,0.3,53,2015
"Juniata",-1.22,3,-0.33,13,2015
"Lackawanna",0.43,56,0.15,41,2015
"Lancaster",-0.85,8,-0.53,9,2015
"Lawrence",0.89,61,0.27,50,2015
"Lebanon",-0.65,11,-0.46,10,2015
"Lehigh",-0.33,21,0.04,35,2015
"Luzerne",0.61,58,0.42,60,2015
"Lycoming",-0.25,23,-0.14,22,2015
"McKean",0.2,47,0.38,59,2015
"Mercer",0.09,41,0.1,38,2015
"Mifflin",0.11,42,-0.05,28,2015
"Monroe",-0.19,26,0.33,57,2015
"Montgomery",-1.03,6,-1.06,1,2015
"Montour",-0.32,22,-0.94,5,2015
"Northampton",-0.16,27,-0.34,12,2015
"Northumberland",0.26,49,0.25,49,2015
"Perry",0.28,50,-0.22,18,2015
"Philadelphia",1.99,67,1.44,67,2015
"Pike",-0.74,10,-0.1,24,2015
"Potter",-0.01,35,0.31,54,2015
"Schuylkill",0.4,55,0.33,55,2015
"Snyder",-0.93,7,-0.35,11,2015
"Somerset",0.19,46,0.29,52,2015
"Sullivan",1.58,66,0.28,51,2015
"Susquehanna",0.66,59,0.45,61,2015
"Tioga",-0.49,16,-0.05,27,2015
"Union",-1.71,1,-0.54,8,2015
"Venango",0.35,52,0.22,45,2015
"Warren",-0.08,30,0.01,31,2015
"Washington",-0.02,33,-0.2,20,2015
"Wayne",-0.08,31,-0.11,23,2015
"Westmoreland",-0.21,25,-0.31,14,2015
"Wyoming",0.4,53,0.34,58,2015
"York",-0.39,19,-0.26,17,2015
"Adams",-0.86,8,-0.36,14,2016
"Allegheny",-0.12,26,-0.14,21,2016
"Armstrong",0.28,49,0.24,45,2016
"Beaver",0.15,39,0.19,42,2016
"Bedford",-0.28,22,0.29,54,2016
"Berks",-0.15,25,0.02,27,2016
"Blair",0.23,46,0.08,30,2016
"Bradford",-0.26,23,0.15,38,2016
"Bucks",-1.05,6,-0.94,3,2016
"Butler",-0.94,7,-0.7,8,2016
"Cambria",0.91,63,0.31,57,2016
"Cameron",-0.55,11,0.09,34,2016
"Carbon",0.59,58,0.35,62,2016
"Centre",-1.52,4,-0.84,5,2016
"Chester",-1.86,1,-1.11,2,2016
"Clarion",0.33,50,0.1,36,2016
"Clearfield",0.2,44,0.24,46,2016
"Clinton",0.05,36,0.34,61,2016
"Columbia",0.11,37,0.09,33,2016
"Crawford",0.43,54,0.09,35,2016
"Cumberland",-1.42,5,-0.9,4,2016
"Dauphin",0.33,51,0,26,2016
"Delaware",0.03,35,-0.32,15,2016
"Elk",-0.02,33,-0.37,13,2016
"Erie",0.23,45,0.3,56,2016
"Fayette",1.67,66,1.07,66,2016
"Forest",0.16,40,0.92,65,2016
"Franklin",-0.52,13,-0.21,19,2016
"Fulton",-0.03,31,0.25,48,2016
"Greene",0.63,59,0.46,64,2016
"Huntingdon",-0.08,27,0.21,43,2016
"Indiana",0.19,42,0.3,55,2016
"Jefferson",0.47,56,0.27,51,2016
"Juniata",-0.54,12,-0.14,22,2016
"Lackawanna",0.72,60,0.04,28,2016
"Lancaster",-0.85,9,-0.62,9,2016
"Lawrence",0.85,62,0.26,50,2016
"Lebanon",-0.41,16,-0.45,10,2016
"Lehigh",-0.06,28,-0.08,24,2016
"Luzerne",0.97,64,0.28,53,2016
"Lycoming",-0.33,19,0.07,29,2016
"McKean",0.34,52,0.24,47,2016
"Mercer",0.26,47,0.32,60,2016
"Mifflin",0.44,55,0.32,59,2016
"Monroe",0.26,48,0.23,44,2016
"Montgomery",-1.59,3,-1.2,1,2016
"Montour",-0.4,17,-0.73,6,2016
"Northampton",-0.38,18,-0.39,12,2016
"Northumberland",0.56,57,0.28,52,2016
"Perry",-0.03,32,-0.12,23,2016
"Philadelphia",3.01,67,1.61,67,2016
"Pike",-0.49,14,-0.22,18,2016
"Potter",-0.05,29,0.36,63,2016
"Schuylkill",0.76,61,0.26,49,2016
"Snyder",-0.56,10,-0.4,11,2016
"Somerset",0.13,38,0.31,58,2016
"Sullivan",1.58,65,0.14,37,2016
"Susquehanna",0.42,53,0.18,40,2016
"Tioga",-0.04,30,0.08,31,2016
"Union",-1.74,2,-0.71,7,2016
"Venango",0.17,41,0.19,41,2016
"Warren",-0.02,34,-0.16,20,2016
"Washington",-0.3,21,-0.06,25,2016
"Wayne",-0.16,24,0.09,32,2016
"Westmoreland",-0.32,20,-0.28,17,2016
"Wyoming",0.19,43,0.15,39,2016
"York",-0.47,15,-0.3,16,2016
"Adams",-0.96,9,-0.43,10,2017
"Allegheny",-0.05,29,-0.19,20,2017
"Armstrong",0.43,50,0.3,59,2017
"Beaver",0.11,38,0.27,55,2017
"Bedford",-0.24,21,0.09,34,2017
"Berks",-0.16,24,0.05,33,2017
"Blair",0.34,47,0.15,39,2017
"Bradford",0.26,43,0.29,57,2017
"Bucks",-1.09,6,-0.98,2,2017
"Butler",-1.05,7,-0.73,5,2017
"Cambria",0.93,63,0.17,43,2017
"Cameron",-1.01,8,0.03,32,2017
"Carbon",0.5,54,0.27,56,2017
"Centre",-1.64,2,-0.66,7,2017
"Chester",-1.77,1,-0.95,3,2017
"Clarion",0.61,58,0.12,36,2017
"Clearfield",-0.02,31,0.25,49,2017
"Clinton",-0.03,30,0.26,53,2017
"Columbia",0.21,41,0.01,29,2017
"Crawford",0.36,48,0.25,50,2017
"Cumberland",-1.43,5,-0.87,4,2017
"Dauphin",0.16,39,-0.01,28,2017
"Delaware",-0.11,26,-0.32,13,2017
"Elk",-0.02,32,-0.42,11,2017
"Erie",0.52,56,0.34,60,2017
"Fayette",1.43,65,1.09,66,2017
"Forest",-0.07,28,0.87,65,2017
"Franklin",-0.57,13,-0.21,16,2017
"Fulton",0.28,44,0.19,44,2017
"Greene",0.51,55,0.43,63,2017
"Huntingdon",-0.11,27,0.16,41,2017
"Indiana",0.42,49,0.45,64,2017
"Jefferson",0.61,59,0.15,38,2017
"Juniata",-0.22,22,-0.11,23,2017
"Lackawanna",0.6,57,0.21,47,2017
"Lancaster",-0.74,10,-0.45,9,2017
"Lawrence",0.73,60,0.41,62,2017
"Lebanon",-0.29,19,-0.37,12,2017
"Lehigh",0.18,40,-0.02,26,2017
"Luzerne",0.9,62,0.3,58,2017
"Lycoming",-0.01,33,0.2,46,2017
"McKean",0.49,52,0.35,61,2017
"Mercer",0.44,51,0.02,31,2017
"Mifflin",0.22,42,0.26,54,2017
"Monroe",0.5,53,0.13,37,2017
"Montgomery",-1.61,4,-1.28,1,2017
"Montour",-0.28,20,-0.73,6,2017
"Northampton",-0.42,15,-0.15,21,2017
"Northumberland",0.32,46,0.2,45,2017
"Perry",-0.29,18,-0.2,19,2017
"Philadelphia",2.8,67,1.44,67,2017
"Pike",-0.74,11,-0.13,22,2017
"Potter",-0.12,25,0.25,52,2017
"Schuylkill",0.95,64,0.25,51,2017
"Snyder",-0.53,14,-0.31,14,2017
"Somerset",0.01,36,0.24,48,2017
"Sullivan",1.61,66,0.15,40,2017
"Susquehanna",0.84,61,0.1,35,2017
"Tioga",0.01,35,-0.02,27,2017
"Union",-1.62,3,-0.58,8,2017
"Venango",0.28,45,0.16,42,2017
"Warren",-0.16,23,-0.2,18,2017
"Washington",0,34,-0.07,24,2017
"Wayne",-0.3,17,-0.05,25,2017
"Westmoreland",-0.36,16,-0.2,17,2017
"Wyoming",0.11,37,0.01,30,2017
"York",-0.64,12,-0.23,15,2017
"Adams",-0.84,10,-0.38,11,2018
"Allegheny",-0.03,31,0,30,2018
"Armstrong",0.35,47,0.24,52,2018
"Beaver",0.21,40,0.05,34,2018
"Bedford",-0.19,24,-0.07,24,2018
"Berks",0,32,-0.01,29,2018
"Blair",0.33,45,0.03,32,2018
"Bradford",0.17,37,0.28,57,2018
"Bucks",-1.11,7,-0.97,2,2018
"Butler",-1.21,5,-0.68,7,2018
"Cambria",1.14,64,0.33,59,2018
"Cameron",-0.55,14,0.05,33,2018
"Carbon",0.57,58,0.26,54,2018
"Centre",-1.87,2,-0.7,5,2018
"Chester",-1.91,1,-0.93,3,2018
"Clarion",0.51,56,0.11,43,2018
"Clearfield",0.16,36,0.19,48,2018
"Clinton",-0.28,20,0.05,36,2018
"Columbia",0.28,42,-0.07,25,2018
"Crawford",0.13,35,0.09,38,2018
"Cumberland",-1.21,6,-0.8,4,2018
"Dauphin",0.31,43,-0.07,26,2018
"Delaware",0.36,49,-0.29,12,2018
"Elk",-0.13,26,-0.24,14,2018
"Erie",0.48,53,0.26,53,2018
"Fayette",1.53,66,1.06,66,2018
"Forest",-0.27,21,0.69,65,2018
"Franklin",-0.87,9,-0.21,16,2018
"Fulton",1.31,65,0.11,41,2018
"Greene",1.02,63,0.6,63,2018
"Huntingdon",-0.04,30,0.19,47,2018
"Indiana",0.34,46,0.67,64,2018
"Jefferson",0.47,52,0.2,49,2018
"Juniata",0.2,39,-0.11,22,2018
"Lackawanna",0.48,54,0.1,40,2018
"Lancaster",-0.88,8,-0.42,10,2018
"Lawrence",0.96,62,0.38,62,2018
"Lebanon",-0.44,15,-0.44,9,2018
"Lehigh",-0.33,18,-0.03,27,2018
"Luzerne",0.89,60,0.27,56,2018
"Lycoming",0.27,41,0.05,35,2018
"McKean",0.39,51,0.35,60,2018
"Mercer",0.33,44,0.14,44,2018
"Mifflin",0.5,55,0.06,37,2018
"Monroe",0.56,57,0.21,50,2018
"Montgomery",-1.58,4,-1.14,1,2018
"Montour",-0.06,28,-0.68,6,2018
"Northampton",-0.78,11,-0.17,18,2018
"Northumberland",0.37,50,0.18,46,2018
"Perry",-0.09,27,-0.15,20,2018
"Philadelphia",2.54,67,1.38,67,2018
"Pike",-0.7,12,-0.23,15,2018
"Potter",-0.23,23,0.27,55,2018
"Schuylkill",0.73,59,0.22,51,2018
"Snyder",-0.65,13,-0.21,17,2018
"Somerset",0.11,34,0.32,58,2018
"Sullivan",0.03,33,0.18,45,2018
"Susquehanna",0.9,61,0.36,61,2018
"Tioga",-0.4,16,0.09,39,2018
"Union",-1.68,3,-0.59,8,2018
"Venango",0.35,48,0.11,42,2018
"Warren",0.2,38,-0.11,21,2018
"Washington",-0.27,22,-0.1,23,2018
"Wayne",-0.14,25,0.01,31,2018
"Westmoreland",-0.35,17,-0.17,19,2018
"Wyoming",-0.04,29,-0.02,28,2018
"York",-0.32,19,-0.27,13,2018
"Adams",-0.66,12,-0.54,9,2019
"Allegheny",0.12,34,-0.03,25,2019
"Armstrong",0.62,59,0.27,49,2019
"Beaver",0.37,48,0.16,45,2019
"Bedford",-0.58,14,-0.09,23,2019
"Berks",0.02,32,-0.02,29,2019
"Blair",0.41,51,0.07,37,2019
"Bradford",-0.16,24,0.14,43,2019
"Bucks",-1.01,6,-1.01,2,2019
"Butler",-1.01,7,-0.67,7,2019
"Cambria",1.5,65,0.35,56,2019
"Cameron",-0.38,19,0.1,41,2019
"Carbon",0.45,52,0.3,51,2019
"Centre",-1.88,2,-0.77,5,2019
"Chester",-1.83,3,-0.95,3,2019
"Clarion",0.18,37,0.17,46,2019
"Clearfield",0.16,35,0.27,48,2019
"Clinton",-0.67,11,0.07,38,2019
"Columbia",0.33,45,0.02,30,2019
"Crawford",0.25,41,0.09,40,2019
"Cumberland",-1.03,5,-0.91,4,2019
"Dauphin",0.4,49,0.1,42,2019
"Delaware",0.35,47,-0.42,11,2019
"Elk",-0.19,23,-0.39,12,2019
"Erie",0.5,55,0.32,53,2019
"Fayette",1.7,66,1.09,66,2019
"Forest",-0.36,21,0.61,65,2019
"Franklin",-0.61,13,-0.19,19,2019
"Fulton",0.74,61,0.03,32,2019
"Greene",0.89,62,0.55,63,2019
"Huntingdon",0.21,39,0.33,55,2019
"Indiana",0.46,53,0.52,62,2019
"Jefferson",-0.01,30,0.09,39,2019
"Juniata",-0.14,26,-0.18,20,2019
"Lackawanna",0.41,50,0.04,33,2019
"Lancaster",-0.94,8,-0.48,10,2019
"Lawrence",1.18,64,0.47,61,2019
"Lebanon",-0.37,20,-0.37,14,2019
"Lehigh",-0.42,18,-0.07,24,2019
"Luzerne",0.92,63,0.42,60,2019
"Lycoming",0.17,36,0.05,35,2019
"McKean",0.47,54,0.38,58,2019
"Mercer",0.34,46,0.06,36,2019
"Mifflin",0.61,58,0.14,44,2019
"Monroe",0.61,57,0.26,47,2019
"Montgomery",-1.56,4,-1.13,1,2019
"Montour",-0.44,17,-0.75,6,2019
"Northampton",-0.78,9,-0.2,17,2019
"Northumberland",0.3,42,0.38,57,2019
"Perry",-0.05,28,-0.19,18,2019
"Philadelphia",2.38,67,1.44,67,2019
"Pike",-0.53,16,-0.11,22,2019
"Potter",0.32,43,0.59,64,2019
"Schuylkill",0.67,60,0.29,50,2019
"Snyder",-0.74,10,-0.23,16,2019
"Somerset",0.01,31,0.32,54,2019
"Sullivan",0.2,38,-0.02,27,2019
"Susquehanna",0.22,40,0.41,59,2019
"Tioga",-0.56,15,0.04,34,2019
"Union",-1.94,1,-0.62,8,2019
"Venango",0.54,56,0.31,52,2019
"Warren",-0.04,29,-0.02,28,2019
"Washington",0.03,33,-0.15,21,2019
"Wayne",-0.06,27,-0.03,26,2019
"Westmoreland",-0.14,25,-0.38,13,2019
"Wyoming",0.32,44,0.02,31,2019
"York",-0.29,22,-0.27,15,2019
"Adams",-0.44,17,-0.49,10,2020
"Allegheny",-0.51,14,-0.2,20,2020
"Armstrong",0.74,58,0.33,55,2020
"Beaver",0.25,44,0.34,56,2020
"Bedford",-0.44,16,-0.18,22,2020
"Berks",0.01,36,-0.02,26,2020
"Blair",0.24,43,0.12,37,2020
"Bradford",-0.18,25,0.15,40,2020
"Bucks",-1.24,5,-0.96,2,2020
"Butler",-1.14,6,-0.62,7,2020
"Cambria",1.33,64,0.23,44,2020
"Cameron",0.22,42,-0.02,27,2020
"Carbon",0.74,59,0.27,49,2020
"Centre",-1.82,2,-0.8,5,2020
"Chester",-1.66,3,-0.96,3,2020
"Clarion",-0.13,27,0.13,38,2020
"Clearfield",0.26,45,0.45,62,2020
"Clinton",-0.54,13,0.11,35,2020
"Columbia",0.32,47,-0.05,25,2020
"Crawford",0.53,52,0.25,48,2020
"Cumberland",-1.06,7,-0.84,4,2020
"Dauphin",0.49,50,0.15,39,2020
"Delaware",-0.01,34,-0.46,12,2020
"Elk",0.03,37,-0.47,11,2020
"Erie",0.68,57,0.39,58,2020
"Fayette",1.72,66,1.01,66,2020
"Forest",-0.33,20,0.68,65,2020
"Franklin",-0.5,15,-0.14,24,2020
"Fulton",-0.01,35,0.06,32,2020
"Greene",0.84,61,0.47,63,2020
"Huntingdon",0.19,39,0.28,51,2020
"Indiana",0.3,46,0.37,57,2020
"Jefferson",-0.06,32,0.06,31,2020
"Juniata",-0.41,18,-0.2,21,2020
"Lackawanna",0.84,60,0.25,47,2020
"Lancaster",-0.84,9,-0.59,9,2020
"Lawrence",1.37,65,0.32,54,2020
"Lebanon",-0.36,19,-0.29,16,2020
"Lehigh",-0.26,22,0.06,33,2020
"Luzerne",0.94,62,0.52,64,2020
"Lycoming",-0.09,29,0.02,29,2020
"McKean",0.67,56,0.42,61,2020
"Mercer",0.54,53,0.27,50,2020
"Mifflin",0.21,41,0.32,53,2020
"Monroe",0.18,38,0.21,43,2020
"Montgomery",-1.62,4,-1.13,1,2020
"Montour",-0.7,10,-0.77,6,2020
"Northampton",-0.64,11,-0.27,17,2020
"Northumberland",0.66,55,0.39,59,2020
"Perry",-0.07,30,-0.35,14,2020
"Philadelphia",2.22,67,1.35,67,2020
"Pike",-0.26,23,0.05,30,2020
"Potter",0.49,51,0.42,60,2020
"Schuylkill",0.98,63,0.19,42,2020
"Snyder",-0.94,8,-0.23,19,2020
"Somerset",-0.07,31,0.23,45,2020
"Sullivan",-0.1,28,0.12,36,2020
"Susquehanna",0.21,40,0.3,52,2020
"Tioga",-0.55,12,0.17,41,2020
"Union",-1.88,1,-0.6,8,2020
"Venango",0.35,48,0.25,46,2020
"Warren",-0.15,26,-0.16,23,2020
"Washington",-0.03,33,-0.32,15,2020
"Wayne",-0.29,21,-0.02,28,2020
"Westmoreland",0.35,49,-0.24,18,2020
"Wyoming",0.63,54,0.1,34,2020
"York",-0.24,24,-0.36,13,2020
